id,project_id,year,value,display_order,is_active
80000000-0000-4000-8000-000000000001,,2018,100,0,true
80000000-0000-4000-8000-000000000002,,2019,112,1,true
80000000-0000-4000-8000-000000000003,,2020,121,2,true
80000000-0000-4000-8000-000000000004,,2021,138,3,true
80000000-0000-4000-8000-000000000005,,2022,155,4,true
80000000-0000-4000-8000-000000000006,,2023,168,5,true
80000000-0000-4000-8000-000000000007,,2024,186,6,true
80000000-0000-4000-8000-000000000008,,2025,202,7,true
80000000-0000-4000-8000-000000000009,,2026,218,8,true
